title,link,published,source,timestamp
China's technology long game - ChinaTalk | Jordan Schneider,https://news.google.com/rss/articles/CBMiaEFVX3lxTFAwb0FFTV8teGxLX2VuNnFBWlFhS05sTnRWZUo3cTRPYVF1NW5nc3NkQV9GaHRab1hENDVGcmFDbms1cjFaX3loRUN0TmJqdTZaY2tMSUFGdTEzVlBCTFRPX2prdUl0cGZl?oc=5,"Fri, 20 Mar 2026 11:46:28 GMT",ChinaTalk | Jordan Schneider,2026-03-23T11:31:06.908739
Tencent integrates WeChat with OpenClaw AI agent amid China tech battle - Reuters,https://news.google.com/rss/articles/CBMiugFBVV95cUxPUTJucUZORzdzUDQtODZyeVVJRkVmZVQwUnRCbGZmT1YxMHFNRFFGUlhmTjBZMTNlUU9wTTFzMl85czh2WnFRcklfT0dlWHVmMkVNWUhtOE9HS0hwNk1QcWJuTnExdDVhMG9NOVB1RmhFZW5GUUtfVkZWR2pTdENqeVR6V1FiXy1NUFJHTUV2NkJKRUhRZFFiNHMycjBvQ3hhbE82bWtXdXdNVjFyVy0wc1Q1RjBlcjNkQ2c?oc=5,"Sun, 22 Mar 2026 07:36:49 GMT",Reuters,2026-03-23T11:31:06.908789
Molecular technology reveals that shark meat is being sold as corvina in Ecuador - EL PAÍS English,https://news.google.com/rss/articles/CBMi0gFBVV95cUxPbklLVHA1SHFOWXdqOFhPa0dmVi1kb01sZ2NrbUszMk42RUE3VXd4RFl4QXhseG52RS1XcVJvZ3Ewc3plRksyUHFpQW9SZ2VmczFKR2FteU5JM3A3Vm85NVRRU05LNXdZRkpvdnJiam56Y0lqd2FTb2ZRYlRQNVdHWVk0RDFPcXJhSGJiMXZtQ20tTy1TaW5QYkJKRmV1QWFJX3AxTkhLX0VnZHM3am1FSzY2TW5ZWFNwMFA2YnJJcHpTVFdSb2pYcFpucklhNGJBX1HSAeYBQVVfeXFMT1IzR0Qtd294b1U2dHFSN2hlNEV5NFFSTlFrdjVyNUJ3eXZGdlVoU1JLd0g3VmEzNEIzV0tHWTcwMkZYODQ2Z0p4YzRkZTJmOGFSTUg5Rks2aUVQNHVUNUVWWDVnOHZZWHRwdnNvOXl3bjE1OGR4Q0tmX3BCd2R4bzgxNks5b3pDLXFvTWJIbi1uNG0zMHdSQ1JxV3Y2aS0zMWdnM3lXWFdybnd6d0VyYkFWRXlaT3VPc1JhU0VhWjFPMTlrOVVkbnllc3RuTTFJM3RCbGNrZGlBN2ZteDRaeFc0QV82Wnc?oc=5,"Sat, 21 Mar 2026 04:00:00 GMT",EL PAÍS English,2026-03-23T11:31:06.908799
"Iran Warns It Will Target Regional Energy, Water, and Technology Infrastructure if US Strikes Its Oil Facilities - Kurdistan24",https://news.google.com/rss/articles/CBMiVkFVX3lxTE5jajB4aS0tMTkwLV9mRVc5QmdrMHVGcDhWYUplM3ktSGNTcjFEWGdad19lUTJEOFJCQlJyaVY2VGJ0XzEwU21FU3d5S3B6TWFXMjJUUDZ3?oc=5,"Sun, 22 Mar 2026 23:20:00 GMT",Kurdistan24,2026-03-23T11:31:06.908806
Chatbot Makers Try Sex Appeal - WSJ,https://news.google.com/rss/articles/CBMi-gJBVV95cUxPVkJQa1otSnpOZE1XVWpOR2l5LU1fUGZsVFo3WmhKWjV2Z1ZfYnRPaXA1eXdzOTJUS3Z3S0p4ME03c1FxZmhUTEpNTlJlQVM0OXVtdkFrb2xsYUFIRzhUcW41VGhwcktSUkNLY2xaYjFJZU9CTEhvLXk3Z3l1bzI3bVJUY0pTUEJ2VWtIdEFPaml6UFpXLTZoNGRpS3FaQzhtcURHajdIZkpLeTB4eVIzODA1RDNCY2ZLelZlVEJrNktoSkhick9Ycm03VEtGeWpHR3kwakVadXJnZ3dsMmJ2SGVfSFJLUy1qR3FKM2JDNzdnS1NmanA3VmYyRmN6eURKUXNwQllyZnZIY3lqZVdqN0NLUzRRLWFkR1F3d1NhNmtuWVlfSjNnZnNPUmgxSkxIdl9YZXMzeTdCazd0V1Q0bmkzX3YwXzBXZElxSENXY3Rjb3lFUW1Cd1djaTdtRTBOQk5BT0dDX0lLQ1dpSE9Rc19VOTBQR0NpSmc?oc=5,"Sun, 22 Mar 2026 12:25:00 GMT",WSJ,2026-03-23T11:31:06.908814
"Lurie fires official in charge of permitting reform, technology innovation - sfstandard.com",https://news.google.com/rss/articles/CBMipgFBVV95cUxQeldKR1Zicl9aQmM0cTFLdE1IcG9taGpub1VDaVVXNjBzSDhsVTJJdmF5S1FpS2FMUXM1MzF5T3RYcWF5ZVRYcGREcWNFcmtRcjJpSTE0UDFjQjFZck5WMkh5SEdpSTM1VUV6QnpUYk9zRTZCLTZqOE8wVHdzcFZ6UkwyWmR4NnI1ZU9PVkZhalB5SFBnUS1xSVpxNGJUNVUzLVgyem5B?oc=5,"Sat, 21 Mar 2026 13:00:00 GMT",sfstandard.com,2026-03-23T11:31:06.908822
Wimbledon: Video review technology introduced for 2026 tournament - BBC,https://news.google.com/rss/articles/CBMiZEFVX3lxTE1wa2dUNU1uSXlhb0lvY2dfVkJyR2FBUjcyNXlXOXRBamRwWVZTSVZpRkVCY0EwTEdkLTA0QnBUY25BSnZVdFMzTkxobjVNdUJ5Q29LTUwxb0gyLUtVcGlhLVMyUEQ?oc=5,"Sat, 21 Mar 2026 09:03:51 GMT",BBC,2026-03-23T11:31:06.908829
OpenAI is throwing everything into building a fully automated researcher - MIT Technology Review,https://news.google.com/rss/articles/CBMiwwFBVV95cUxNaktiMXBZbHU1WWV0YUw1c3A1RlloQTJXVGd0eEdQTzA4ZUF2YmZzODFtLWhMU0dKXzkxUXFPOXgwalF1bTlmM3Z6d3JhRzdpeDlZZVRRdWFBeHhTd0dfSUhCUWgwcHVDZkctSVlLZEVjLXdzLW02THh2Mi1DM25SbmFTSlNJOFhTOE9XSERHcFRFbUJfSGFSUDhDSFdrZm43S3FIUnRxVjAtaVpQUVZ6dHVaaWpzMDhFS1haakZ6T1BrU3PSAcgBQVVfeXFMUHl0ZFNoeFlESVdmZHJzTmkzWHQxYmxKbV9KazY3NHpZdGtvMFk5c0VVUExCMU82MmpTX1p3RHJjTDR2VlRBZ01tS0R3TWFBYXV3RDdXLXh4N3FWX1hXWnQ4OEpmcW13NWhybktWdXRFRUxfUldNSGlROEVKTHpwUlhMZHFMTEhJT0dTT1NITEFtV2c5QmR5a3VMaDFMY2Z0LXlCclFWS21DWGxmNjBxaWNsYWZVeGxyRm9Zd1NFUm1hVmxPVTdCVVg?oc=5,"Fri, 20 Mar 2026 11:57:16 GMT",MIT Technology Review,2026-03-23T11:31:06.908836
Micron Technology And Its Real Value (NASDAQ:MU) - Seeking Alpha,https://news.google.com/rss/articles/CBMigwFBVV95cUxQMlFjQWFEc2UwUndmbUhFX25uQlQ0ZHo4V3dFOWVoSE1Bb2xMNENwcklETTBuTXo1WGdtSEhxWFpiMTVTY2FNQUVEbjFpVktjZGllcDMta3ozcG43eDJ3T0FNSVJsUGlrX1RKdmZEcjJSRExpNGlMRW1ydUxGZ3NOSGZKcw?oc=5,"Sat, 21 Mar 2026 05:03:23 GMT",Seeking Alpha,2026-03-23T11:31:06.908842
DNA Robots Are Coming: Tiny Machines That Could Transform Medicine and Technology - SciTechDaily,https://news.google.com/rss/articles/CBMiqgFBVV95cUxOd2g3UHNYZE91Q0dIWFd4Y1U4Ukk5dHJTcU1sRUx0LXRlVmFaSjh4TTM2bFlPbjJKdFotMXBCdlpod2pndnZDRC1wOGRadGxHSk5IT3ExbGZlQzhGb0JDaVJzdXZNWXNwbUJkMGNGaEpjOVNOdzdQY1RfeTVqaVNDUVhYbEszdm1tLWFYTW15d0hhdG1jV2ZiNmh1bHFyNDR3REFWWE4zdlA5QQ?oc=5,"Sun, 22 Mar 2026 15:37:13 GMT",SciTechDaily,2026-03-23T11:31:06.908850
